Outer Key,Middle Key,kennkouunn,kinun,ranking,renaiun,sougouunn,taijinun
双子座,a,体調は良好ですが、睡眠不足や栄養不足は禁物。早めの就寝を心がけて。,勝負運がある日。ただ、浮かれてけがなどに注意。落ち着いた行動を。,1,出会いのチャンス到来。デジタルアプローチを駆使して、運命の人と出会えそう。,全体的に運気が良い日。体調管理だけ気を付けて。良い結果が得られます。,優しい言葉と笑顔を忘れずに。あなたの温かさが、相手に伝わります。
双子座,b,精神的に安定していて、穏やかな心で過ごせそう。周りの人と調和を大切にできる日。,中古ショップで探し物をしていたら、思いがけない価格で高級品を手に入れることができる日。,10,職場や学校の友人の紹介が、運命の出会いに繋がる可能性も。コミュニケーションを大切に。,心身ともにリフレッシュできる、穏やかな日。ゆっくりと休養を取り、心身を充電しましょう。,あなたの魅力が、周囲の人を惹きつける！プレゼンなどで大成功しそう。
双子座,ab,無理をすると疲れが蓄積しやすい日。こまめに休息を取りましょう。栄養豊富な食事を心がけて。,節約を意識して過ごしましょう。小さな積み重ねが、大きな成果に繋がります。,25,電撃的な出会いがありそうな予感！ いつもと違う雰囲気の場所に足を運んでみて。,あなたの心は、穏やかで平和を求めています。心を休ませ、リラックスできる時間を作りましょう。,周りの人の意見を参考にしながら、自分の考えをまとめましょう。良い結果を生みます。
双子座,o,朝起きたら、太陽の光を浴びて体内時計をリセットしましょう。セロトニンが心と体を活発にします。,宝くじを購入したら、当選するまで静かな場所で大切に保管して！,29,趣味や仕事に熱中するのも良いですが、恋愛も人生の大切な要素の一つ。バランスを意識して。,あなたの周りで、心が温まるような、素敵な出来事が。小さな奇跡を見逃さないようにしましょう。,苦手な人とは、距離を置くのも一つの方法。無理に付き合う必要はありません。
牡牛座,o,新しい運動を始めるのに最適な日。ヨガやピラティスなど、自分に合った運動を見つけてみましょう。,フリーマーケットサイトで、ずっと探していたものを見つけて大興奮の一日。,2,普段行かない場所で、思わぬ人と出会う暗示。その出会いがあなたの世界を広げるきっかけに。,目標達成に近づける日。努力が報われ、成果に繋がる兆し。諦めずにコツコツと積み重ねてきたことが、大きな喜びに。,新しい人脈ができる日。偶然の出会いが将来に繋がるかも。見逃さないで！
牡牛座,a,睡眠時間をしっかりと確保し、心身を休ませることが大切です。,金運絶好調。投資に良い兆し。自分の判断を信じると吉。,15,2人で過ごす時間がとても楽しい一日。有意義な瞬間と共に、驚きのサプライズが待っています。,前から欲しかったものが、手に入りそう。タイミングを逃さずに。,コミュニケーションを通して、あなた自身の魅力を再発見できる日。
牡牛座,b,周りの人と比べて焦ったり、無理をするのは禁物。自分のペースで健康的な生活を送りましょう。,あなたの努力が認められる日。仕事や勉強で、積極的に行動することで、金銭的なチャンスが巡ってくるでしょう。,35,恋愛において、焦りは禁物です。ゆっくりと時間をかけて、関係を育んでいきましょう。,何事も前向きに捉え、楽観的な気持ちで過ごしてみましょう。きっと、良いことが起こります。,一人で抱え込みやすい日。信頼できる人に相談することで、気持ちが楽になることもあります。
牡牛座,ab,体調に不安が出やすい日。心配な時はネットに頼らず、病院へ行こう。,お金のことでクヨクヨしない日。気持ちを切り替えて、楽しい一日を過ごしましょう。,39,すれ違いをよく感じる日。イライラを相手にぶつけないように気をつけて。,「計画性」が幸運を呼び込むでしょう。重要なことは、事前に計画を立てて。,感謝の気持ちを伝えるように心がけて。感謝の言葉は、人間関係を円滑にします。
天秤座,o,温かいお風呂にゆっくりと浸かり、心も体も温めましょう。質の高い睡眠にも繋がります。,お金に関する情報収集が吉！投資や節約など、新たな知識を身につけることで金運アップに繋がります。,3,スポーツやアウトドアなど、体を動かすことで恋愛運アップ！素敵な恋が始まる予感。,積極的な姿勢が評価される時期。自分を信じて前に進むことで、思わぬ賞賛が得られるかもしれません。,普段はスルーしそうな些細なことが、大きな意味を持つ一日。
天秤座,b,好きな音楽を聴いて、心を解放しましょう。音楽のパワーがあなたを元気づけてくれます。,財布の中に新品のお札を入れておくと、金運アップに繋がるという噂も…！試してみては？,17,恋愛運と出会い運が共に上昇する日。新しい友人が恋愛に発展する可能性大。,直感と行動力がUP！迷わず進めば、きっと良い結果に繋がります。自分を信じて、進んでいきましょう！,相手の立場に立って物事を考えることが大切。思いやりの心を持てば、人間関係は良好に。
天秤座,a,美味しいものを食べて、エネルギーチャージ！ただし、よく噛んで食べることを忘れずに。,金運アップの色、金色や黄色のものを身に付けて！ファッションに取り入れたり、小物で取り入れてみましょう。,19,恋愛面で嬉しい驚きがある日。新しいことにチャレンジすると吉。,自分の直感を信じて行動してみましょう。あなたの心の声は、あなたを正しい方向へ導いてくれます。,周りの人と協力すれば、スムーズに物事が運ぶ日。一人で抱え込まず、周りの人に頼ってみましょう。
天秤座,ab,食生活を見直してみましょう。加工食品の摂り過ぎは控え、自炊を増やす努力をしてみましょう。,金運アップには、風水を取り入れてみるのもおすすめ。部屋の掃除をして、良い気を循環させましょう。,34,自分磨きに励むことで、自信に繋がり、恋愛運もアップするでしょう。素敵な出会いにも期待。,大きな変化はない一日になりそう。いつも通りのペースで過ごしましょう。それが贅沢なのかも。,過去の出来事を思い出して、ネガティブな気持ちにならないように。過去は過去。
蠍座,ab,リラックスした状態が、幸運を引き寄せます。寝る前のストレッチがおすすめ。,自分へのご褒美も忘れずに。 頑張った自分を労ってあげましょう。,4,フットワーク軽く行動することで、幸運を引き寄せられる日。 積極的に外出して。,恵まれたチャンスが訪れる日。成功に向かって全力で進むと良い結果が得られます。,懐かしい人との再会が、あなたの人生に新たな風を吹き込んでくれるでしょう。
蠍座,b,過去のトラウマから解放され、心が軽くなるような出来事があるかも。苦手なことが克服できる暗示。,交渉術がアップ！仕事や副業で、納得のいく報酬を得られるチャンスです。,11,偶然の出会いが運命に変わるかも。いつもよりアンテナを張って過ごしてみて。,頭の中がアイデアでいっぱいに！形にするチャンス。行動を起こせば、周りの人を巻き込むような素晴らしい結果に。,あなたの笑顔が、人間関係を円滑にする魔法！周りの人に、素敵な笑顔を振りまきましょう！
蠍座,o,穏やかで平凡な一日。規則的な生活を心がけ、体調管理を行いましょう。,会話の中から新しいアイデアが生まれ、それが金運アップに繋がりそう。人の話に耳を傾けて。,18,一人で過ごすことで恋愛運が高まり、充実した時間となる。美容に注目しよう。,いつも通りのペースでOK。無理せず、自分のペースで過ごしましょう。,少し疲れを感じやすい日。ゆっくり休んで、信頼できる人に相談すると心が軽くなる。
蠍座,a,体調アップには、ポジティブ思考も大切。明るく前向きな気持ちで過ごしましょう。,くじ運が最高。宝くじの購入◎。他人の意見に惑わされず、自分を信じて。,23,会う時間が取れないときこそ、一人の時間を活用して。趣味を追求したりする時間が増えもっと魅力的に。,近場に縁がある日。家の近くを散策するとラッキーなことが。,人との交流を楽しむには最適な日。ただし、節度ある行動を心がけましょう。
乙女座,a,健康は、何よりも大切な宝物。この機会に、改めて健康について考えてみましょう。,金運がついている日。購入品が高値で売れるかも。周囲の方に感謝を伝えましょう。,5,出会いを求める日。短くてインパクトのある自己紹介を練習すると相手から声をかけられるかも。,何をしても順調な日。一緒にいてくれる人に細かいことにも気を配りましょう。,相手の気持ちを尊重し、思いやりを持って接することで、良好な人間関係を築けます。
乙女座,ab,エネルギーが溢れる日。積極的に行動して幸運をつかんで。旅行やアクティビティが吉。,軽い運動を習慣化すると、心も体もリフレッシュ。金運アップにも繋がります。,12,初めての場所に出かけてみると、素敵な出会いが待っているかも。 新しい世界に飛び込んでみて。,チャンスが舞い込み、成功が手の届くところに。いつもより積極的に動きましょう。,SNSを活用して、懐かしい人と繋がってみるのも良い日。 意外な人と再会できるかも。
乙女座,b,腸活day！ヨーグルトや納豆などの発酵食品を積極的に摂って、腸内環境を整えましょう。,金運アップの待ち受け画面を友人や家族にもシェア！良いことは分かち合うことで、さらに効果がアップします。,13,空回りしやすい日。暖簾に腕押し。告白は日を改めた方が良さそう。,いつもよりコミュニケーションが円滑に進みそう！新しい出会いにも期待が持てます。,特に意識せず、流れに身を任せてみましょう。無理に何かしようとせずとも、対人関係は穏やかな一日。
乙女座,o,毎日の目の健康が、幸運の鍵を握る。スマホの見過ううぎに注意。,金運アップには、早起きも効果的。早起きをして、清々しい気分で一日を始めましょう。,28,相手の素晴らしさを褒めましょう。二人の関係が円満に。,「果報は寝て待て」。焦らず、チャンスが巡ってくるのを待ちましょう。,タイミングが悪い日。欲しいものは、また巡ってくるタイミングが訪れます。今は目の前のことに集中。
山羊座,a,ヨガやピラティスで、心身のバランスを整えるのもおすすめ。 インナービューティーも高まりそう。,自分に投資するのに最適な日。スキルアップのためや、美容に関するアイテム購入もおすすめ。,6,出会いは、まさに運命！ 積極的に話しかけて、距離を縮めてみて。,過去の失敗は忘れて、前向きに進んでいきましょう。幸運が待ってます。,仕事で大きな成果を上げるチャンス！ 周囲と協力しながら、目標達成を目指して。
山羊座,o,たんぱく質に注目！筋肉や血液を作るために欠かせない栄養素です。肉や魚、大豆などバランス良く取って。,キャンドルを灯して、リラックス空間を作ってみましょう。オレンジやイエローのキャンドルが金運を高めます。,27,ネガティブな感情に支配されないように、スポーツなどで気分転換を心がけましょう。,あなたの創造性を刺激するような、美術館や映画館に足を運んでみては？素敵な作品との出会いが。,誤解を招きやすい日。大切な話は、メールではなく、直接会って伝えるようにしましょう。
山羊座,ab,エネルギーが低下気味。無理せず、適度な休息を取りながら一日を過ごして。,節約レシピに挑戦してみては？ 食費を抑えつつ、美味しい食事を楽しみましょう。,33,今は一人で過ごすのが吉。人と会うと疲れを感じやすい日です。,冬眠する動物のように、、エネルギーを蓄える時。,秘密の話や噂話は禁物。トラブルに巻き込まれる可能性があります。
山羊座,b,首や肩が凝りやすい人は、ストレッチポールやタオルを使ったストレッチがおすすめ。,ネット銀行のパスワード変更など、セキュリティ対策を強化するのに良い日。,42,いつもとは違う道を通ってみると、思いがけない出会いが待っている予感。,好きな香りのアロマを焚いたり、リラックス効果のある音楽を聴いてみましょう。気分も運気もアップ。,無理に目立つ行動を取らない方が無難。周りの人と足並みを揃えて行動しましょう。
蟹座,ab,早寝早起きが幸運の鍵。規則正しい生活リズムを心がけ、心身ともにリフレッシュしましょう。,お金に愛される行動を意識してみて。感謝の気持ちを持って、お金を使うように心がけましょう。,7,片思い中の人は、進展の兆しあり。二人の距離が縮まる出来事が起こりそう。,幸運の女神が、あなたにウィンクをしています！いつもよりポジティブに、そして大胆に行動してみましょう。,グループの中で、あなたの存在がキラリと光り、頼りにされる一日。
蟹座,b,新しいことを始めるには少しエネルギー不足かも。無理せず、休息に充てるのが吉。,友人との交流が金運アップの鍵。楽しい時間を過ごしながら、金運もアップさせましょう。,16,穏やかな日が恋愛運を支える一日。リラックスして過ごすことで良い結果が得られます。,あなたの直感が冴え渡る日。自分の心の声に耳を傾け、行動してみましょう。,感謝の気持ちを形にすることで、関係がより一層深まります。手紙などで気持ちを伝えよう。
蟹座,a,ストレスは溜め込まずに、こまめに発散することが大切です。軽い運動や好きなことをしてリフレッシュ。,貯金の目標を立てて、それに向かって努力することが大切です。目標達成シートを作ってみるのも○。,31,ネガティブな気持ちに支配されがち。ポジティブ思考を心がけて。,あなたにとって、素晴らしい一日になりますように！心から応援しています！,対人運はいつも通り、マイペースに過ごせる一日。焦らず、自分のペースで物事を進めましょう。
蟹座,o,血圧が上がりやすい日。塩分を控えた食事を心がけましょう。,金運よりも、人間関係を大切に。良い人間関係は、お金では買えない財産です。,37,なんとなくすれ違う日。イライラを相手にぶつけないよう注意。,直感よりも論理的な思考を大切に。感情的な決断は避けましょう。,相手を尊重する気持ちを忘れずに。相手の立場に立って、物事を考えてみましょう。
射手座,o,健康に関する良い情報が入ってくるかも。健康に関する本を読んだり、セミナーに参加してみましょう。,街を散策していると、偶然フリーマーケットを発見。掘り出し物を格安で手に入れるチャンス！,8,いつもとは違う場所で心が通じ合う瞬間が訪れるかも。日常の中に小さな幸せを見つける一日。,自分の才能や個性が光り輝く一日。周囲にアピールすることで、思わぬチャンスに恵まれる可能性も。自信を持って行動しましょう。,あなたの提案が大いに受け入れられ、みんなから感謝される一日。
射手座,ab,デスクワークの人は、腰痛予防にクッションを使うなど、職場環境を整えてみましょう。,電車やバスの乗り間違えに注意！予定外の出費が発生してしまうかも。時は金なり。,38,メールや電話よりも、直接会って話をする方が誤解が少なくて済みそうです。,バランスの取れた食事を心がけ、心身の健康を維持！規則正しい生活を送りましょう。,言葉足らずで誤解を生んでしまいそう。大切な話ほど、ゆっくりと丁寧に伝えることを心がけて。
射手座,a,いつもより意識して背筋を伸ばして過ごしてみて。姿勢が良くなると、見た目も気分もUP！,いつもなら大丈夫でも、自転車の駐輪違反にも用心！ダメなものはだめ。,40,何気ない日常会話の中に、恋のヒントが隠されているかも。よく耳を傾けてみて。,アイデアがひらめきやすい日。新しい趣味やプロジェクトに挑戦すると、成功の兆しがあります。,相手の気持ちを汲み取ることを意識して。自分の意見ばかり主張すると、反感を買ってしまうかも。
射手座,b,腰痛や関節痛に注意。長時間同じ姿勢を避け、軽いストレッチを心がけましょう。,金運アップのチャンスは少ないですが、諦めなければ道は開けます。,47,勘違いや、すれ違いが起こりやすい日。イライラは禁物。,何事も計画的に。行き当たりばったりな行動は控えましょう。,聞き上手になりましょう。相手の話を最後まで聞き、共感する姿勢が大切です。
牡羊座,b,日常の運動で充実。ウォーキングやジョギングで心身ともにリフレッシュして。,財運が味方しています。宝くじや抽選で当たりが出る可能性が高い日です。,9,久しぶりに会う友人が、素敵な異性を紹介してくれて新しい恋が始まる予感。,幸せな出来事が次々と訪れる日。散歩中に四つ葉のクローバーを見つけるかも。,新しい人脈が広がる一日。イベントや会議で意気投合する人と出会い、良い関係が始まるかも。
牡羊座,a,バランスの取れた食事を心がけましょう。野菜不足を感じたら、積極的に摂って。,財布の中に、金運アップのお守りを忍ばせてみては？神社仏閣で授与されたものや、手作りのお守りでもOK！,24,過去の恋愛を手放し、新しい恋に向けて心の準備を始めましょう。,周囲の人とのコミュニケーションが円滑に進み、人間関係が良好に。新しい出会いにも恵まれそうです。,リラックスして過ごせる一日。気心の知れた人たちとゆっくり語り合うのも良いでしょう。
牡羊座,ab,不調のサインに注意。気になるときは早めに病院で相談を。,金運アップは、未来のあなたへの投資です。明るい未来のために、今から行動を始めましょう。,41,すれ違うことが多い日。イライラを抑えて相手に優しく。,今は、まだ準備段階。焦らず、着実に準備を進めていきましょう。,相手の良いところを認め、褒めてあげましょう。褒め言葉は、魔法の言葉です。
牡羊座,o,目の乾燥が気になる人は、意識してまばたきをする、加湿器を使うなど、対策をしてみましょう。,ダイエット食品や美容グッズ、本当に必要？宣伝文句に惑わされずに、冷静に判断を。,44,グループやイベントに参加すると、共通点を持つ人と出会えるチャンス！,温かいお茶をゆっくりと味わったり、好きな本を読んだり、穏やかな時間を過ごしましょう。,プライドが高くなりやすく、謝るタイミングを逃しやすい日。素直に謝罪することが大切です。
獅子座,o,体調が良い時こそ、気を引き締めて。慢心が、体調不良を招くことも。,金銭面で得をする日。人におごると益々運気アップ。幸せをみんなでシェアしよう。,14,恋人募集中の人は出会いが。新しいスポーツやアクティビティに挑戦することで、同じ興味を持つ人と出会う予感。,運気高めな日。小さな言い争いは、あなたから謝って。負けるが勝ち。,会話の内容によっては、相手を不快にさせてしまう可能性も。言葉選びは慎重に。
獅子座,a,階段を使うなど、日常生活に軽い運動を取り入れてみましょう。,金運アップには、トイレ掃除が効果的！特に、トイレの便座はピカピカに磨きましょう。,26,今は恋愛よりも、友情を育むのに良い時期かもしれません。愛は静かに育つもの。,一日過度に期待しすぎず、自分のペースで過ごしましょう。それが、運気を整えることになります。,周囲の人と協力することで、大きな目標を達成できる可能性を秘めた一日。チームワークを大切にしましょう。
獅子座,b,体調に急な変化はありませんが、規則正しい生活を続けてください。,感謝の気持ちを込めて、両親にプレゼントを贈るのも良いでしょう。幸運が舞い込んできそう。,32,出会い運も低迷気味。新しい出会いを求めるよりも、今あるご縁を大切にすると吉。,あなたの周りの人々は、あなたの味方です。困ったときは、一人で抱え込まず、相談してみましょう。,職場では同僚の言葉に過敏に反応しすぎないように。深呼吸をして、心を落ち着けてから行動しましょう。
獅子座,ab,肌荒れに注意が必要な日。スキンケアに気を使い、水分補給も忘れずに。,身の丈に合った生活を心がけて。背伸びせず、等身大の自分でいましょう。,43,なんとなくすれ違いがちな日。ストレスをためないように。,自分を愛し、慈しんであげて。たくさん自分にご褒美を。,優しい言葉をかけることを意識して。優しい言葉は、相手を癒し、あなた自身の心も温めます。
魚座,a,周囲の人の影響を受けやすい日。楽しい時間を過ごせますが、飲み過ぎ食べ過ぎには注意！,お財布を新しくするのに最適な日。風水的に見て、吉方位のお店で購入するのがおすすめです。,20,素敵なレストランで食事をするなど、少し贅沢な時間を過ごしてみて。,運気が上昇中！あなたの努力が認められ、素晴らしい結果に繋がる時。自信を持って、目標に向かって進みましょう！,周りの人と比較するのではなく、ありのままの自分を認めてあげましょう。自信を持つことが幸運の鍵。
魚座,b,いつもとちがう不調のサインが出たら、無理せず早めに病院へ。,金運アップには、自己投資も大切。スキルアップや自己成長にお金を使ってみましょう。,45,すれ違いが増えそう。イライラが顔にでないように注意。,少しエネルギー不足。無理せず、できることだけをやりましょう。,笑顔でいることを心がけて。笑顔は、人間関係を円滑にするための最高の武器です。
魚座,o,睡眠の質を上げるために、寝る前にホットミルクやカモミールティーを飲むのもおすすめです。,「お得だから」と、必要以上のまとめ買いは避けましょう。結果的に損をしそう。,46,人の話をじっくり聞いてあげられるあなたに、愛の神様が微笑むでしょう。,デジタルデトックス！スマホやパソコンから離れて、目と心を休ませましょう。,周りの人と比べて、劣等感を抱いてしまいそう。他人と比較せず、自分の良いところに目を向けましょう。
魚座,ab,冷えやすい人は、靴下を重ね履きしたり、レッグウォーマーを活用するなど、足元を温める工夫を。,宝くじの当選発表をドキドキしながら待つのは少し危険…期待しすぎず、平常心を保ちましょう。,48,自分の意見ばかり押し通そうとせず、相手の意見も尊重しましょう。,早寝早起きで生活リズムを整え、心身ともにリフレッシュ！朝の散歩でポジティブ思考に。,一人で抱え込み過ぎないように注意。困ったときは、周りの人に相談してみましょう。
水瓶座,o,健康であることの喜びを感じながら、一日を大切に過ごしましょう。,金運絶好調。投資にツキあり。自分の直感を信じると吉。,21,好きな映画やドラマを一緒に観たり、散歩を楽しむと、絆が一層深まります。,運気が良好な日。みんなが嫌がることを率先してやって。,相手との調和を大切に。心地よいコミュニケーションを心がけて。
水瓶座,ab,穏やかで静かな一日。規則正しい生活を心がけることで、さらに運気がアップ！,思いがけない臨時収入があるかも。ただし、使い過ぎには注意。貯蓄に回すことも考えて。,22,新しい趣味が恋愛運を引き寄せる日。興味を持ったことに挑戦してみて。,無理せず、自然体で過ごしましょう。ありのままのあなたでいることが大切です。,聞き上手に。相手の言葉に耳を傾けることで、信頼関係がより一層深まるでしょう。
水瓶座,b,平凡ながらも心温まる一日を過ごせそう。心身ともにリラックスして過ごせそうです。,仕事や勉強に集中することで、金運アップに繋がるヒントが得られるかも。,30,出会いに期待大！ 積極的に行動することで、運命の歯車が動き出すでしょう。,あなたの心の声は、あなたを正しい方向へ導いてくれます。直感を信じて、行動してみましょう。,周りの人に感謝を伝えることで、運気がアップする。いつもありがとうの気持ちを忘れずに。
水瓶座,a,いつも通りの日常で気分よく過ごせます。軽い運動を取り入れて、心も体もリフレッシュ。,将来のために、コツコツとお金を貯めていきましょう。断捨離してリサイクルショップへ。,36,今までとは違うタイプの人の出現が、運命の出会いのサインかも。食わず嫌いは損。,忘れ物や落とし物に注意信号。外出前に、持ち物を声に出して再確認すると◎。,感性を磨くのに最適な日。美術館巡りや音楽鑑賞など、感性を刺激する時間を過ごすと心が豊かに。
